{"AWSTemplateFormatVersion":"2010-09-09","Description":"The AWS CloudFormation template for this Serverless application","Resources":{"ServerlessDeploymentBucket":{"Type":"AWS::S3::Bucket","Properties":{"BucketEncryption":{"ServerSideEncryptionConfiguration":[{"ServerSideEncryptionByDefault":{"SSEAlgorithm":"AES256"}}]}}},"ServerlessDeploymentBucketPolicy":{"Type":"AWS::S3::BucketPolicy","Properties":{"Bucket":{"Ref":"ServerlessDeploymentBucket"},"PolicyDocument":{"Statement":[{"Action":"s3:*","Effect":"Deny","Principal":"*","Resource":[{"Fn::Join":["",["arn:",{"Ref":"AWS::Partition"},":s3:::",{"Ref":"ServerlessDeploymentBucket"},"/*"]]},{"Fn::Join":["",["arn:",{"Ref":"AWS::Partition"},":s3:::",{"Ref":"ServerlessDeploymentBucket"}]]}],"Condition":{"Bool":{"aws:SecureTransport":false}}}]}}},"AdminManageLogGroup":{"Type":"AWS::Logs::LogGroup","Properties":{"LogGroupName":"/aws/lambda/billzero-prod-AdminManage"}},"UserManageLogGroup":{"Type":"AWS::Logs::LogGroup","Properties":{"LogGroupName":"/aws/lambda/billzero-prod-UserManage"}},"BillManageLogGroup":{"Type":"AWS::Logs::LogGroup","Properties":{"LogGroupName":"/aws/lambda/billzero-prod-BillManage"}},"TransactionManageLogGroup":{"Type":"AWS::Logs::LogGroup","Properties":{"LogGroupName":"/aws/lambda/billzero-prod-TransactionManage"}},"VendorManageLogGroup":{"Type":"AWS::Logs::LogGroup","Properties":{"LogGroupName":"/aws/lambda/billzero-prod-VendorManage"}},"IngestManageLogGroup":{"Type":"AWS::Logs::LogGroup","Properties":{"LogGroupName":"/aws/lambda/billzero-prod-IngestManage"}},"ProcessTaskLogGroup":{"Type":"AWS::Logs::LogGroup","Properties":{"LogGroupName":"/aws/lambda/billzero-prod-processTask"}},"ProcessNewPayCycleLogGroup":{"Type":"AWS::Logs::LogGroup","Properties":{"LogGroupName":"/aws/lambda/billzero-prod-processNewPayCycle"}},"ProcessCycleLogGroup":{"Type":"AWS::Logs::LogGroup","Properties":{"LogGroupName":"/aws/lambda/billzero-prod-processCycle"}},"IamRoleLambdaExecution":{"Type":"AWS::IAM::Role","Properties":{"AssumeRolePolicyDocument":{"Version":"2012-10-17","Statement":[{"Effect":"Allow","Principal":{"Service":["lambda.amazonaws.com"]},"Action":["sts:AssumeRole"]}]},"Policies":[{"PolicyName":{"Fn::Join":["-",["billzero","prod","lambda"]]},"PolicyDocument":{"Version":"2012-10-17","Statement":[{"Effect":"Allow","Action":["logs:CreateLogStream","logs:CreateLogGroup"],"Resource":[{"Fn::Sub":"arn:${AWS::Partition}:logs:${AWS::Region}:${AWS::AccountId}:log-group:/aws/lambda/billzero-prod*:*"}]},{"Effect":"Allow","Action":["logs:PutLogEvents"],"Resource":[{"Fn::Sub":"arn:${AWS::Partition}:logs:${AWS::Region}:${AWS::AccountId}:log-group:/aws/lambda/billzero-prod*:*:*"}]},{"Effect":"Allow","Action":["sqs:*","dynamodb:*","sns:*","s3:*","cloudformation:describeStacks","lambda:InvokeFunction","sts:AssumeRole"],"Resource":["arn:aws:dynamodb:*:*:*","arn:aws:sns:*:*:*","arn:aws:s3:::*","arn:aws:sqs:us-east-1:*:*"]},{"Effect":"Allow","Action":["dynamodb:GetRecords","dynamodb:GetShardIterator","dynamodb:DescribeStream","dynamodb:ListStreams"],"Resource":["arn:aws:dynamodb:us-east-1:853862264986:table/billzero-prod-tasks/stream/2019-07-16T17:02:01.080"]}]}}],"Path":"/","RoleName":{"Fn::Join":["-",["billzero","prod",{"Ref":"AWS::Region"},"lambdaRole"]]}}},"AdminManageLambdaFunction":{"Type":"AWS::Lambda::Function","Properties":{"Code":{"S3Bucket":{"Ref":"ServerlessDeploymentBucket"},"S3Key":"serverless/billzero/prod/1632336947312-2021-09-22T18:55:47.312Z/billzero.zip"},"Handler":"handler.AdminManage","Runtime":"nodejs10.x","FunctionName":"billzero-prod-AdminManage","MemorySize":1024,"Timeout":30,"Environment":{"Variables":{"NODE_ENV":"prod","MODE_DEBUG":"true","BZAPIENDPOINT":"https://api.billzero.app","BZ_S3_BACKET":"billzero-prod","DEFAULT_TIMEZONE":"America/Los_Angeles","BZADMINID":"b9b18413-1374-4748-a4c0-5842a520ef96","DEFAULTUSERID":"d37c5011-3895-4b86-8c9e-7745d1b62e0e","TESTUSERPAYEEID":"26f1c8d3-a6c5-4b59-9e24-98f63ee87c52","TESTUSERPAYERID":"26f1c8d3-a6c5-4b59-9e24-98f63ee87c52","SETTINGSTABLE":"billzero-prod-settings","ADMINTABLE":"billzero-prod-admin","USERTABLE":"billzero-prod-users","VENDORTABLE":"billzero-prod-vendors","SEARCHVENDORTABLE":"billzero-prod-searchvendor","BILLTABLE":"billzero-prod-bills","CHARGETABLE":"billzero-prod-charges","TRANSACTIONTABLE":"billzero-prod-transactions","SUBSCRIPTIONSTABLE":"billzero-prod-subscriptions","STATSTABLE":"billzero-prod-stats","SUPPORTTABLE":"billzero-prod-support","TASKSTABLE":"billzero-prod-tasks","PROMOCODETABLE":"billzero-prod-promocode","REPORTTABLE":"billzero-prod-report","AFFILIATETABLE":"billzero-prod-affiliate","INVITATIONTABLE":"billzero-prod-invitation","KARMATABLE":"billzero-prod-karma","UTOUTABLE":"billzero-prod-utou","SHELTERSTABLE":"billzero-prod-shelters","FINOHOOKTABLE":"billzero-prod-finohook","INGESTIONTABLE":"billzero-prod-ingest","PLAYTABLE":"billzero-prod-play","POOLTABLE":"billzero-prod-pool","UNIQUEVIEWTABLE":"billzero-prod-uniqueview","ENGAGEMENTTABLE":"billzero-prod-engagement","IMPETUSTABLE":"billzero-prod-impetus","JWTSECRET":"kKtaUnF7YEyK5IBWeeW9B8rsuSz0kmDu","JWTISS":"billzero","JWTHDRPARAM":"bz-api-token","ARCUS_API_KEY":"a39a5cce421b469a272c7053a567d59d","ARCUS_SECRET_KEY":"0PAlAj2jiIIZgcC64NKcG4gXxHizUYxyrMiHg2nsfc993EZgC0SkncWK0kqBe01zH8rQomL4sm7Hz85NEbJm7A==","ARCUS_API_URL":"https://apix.arcusapi.com","ARCUS_API_PROXY_HOST":"https://205pc3mk00vrn8:pgnpcxtknmx04qef2in1rlspw8xl@us-east-static-08.quotaguard.com:9293","ARCUS_SQS_URL":"https://sqs.us-east-1.amazonaws.com/853862264986/prodArcusSQS","STRIPE_API_KEY":"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","STRIPE_WEBHOOK_SIGNING_SECRET":"whsec_nRRNTsJhH2yMkHUYBnUEa2s1S6DDr5vi","TWILIOSID":"AC2b72a718fea932d9ae2a32c23747309d","TWILIOTOKEN":"8404d99219689f9aa720c0d8d00bbacf","TWILIOPHONE":"+14806306641","SENDGRID_API_KEY":"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","SENDGRID_FROM_NAME":"BillZero.app","SENDGRID_FROM_EMAIL":"support@billzero.app","BILLCOM_API_URL":"https://api.bill.com/api/v2/","BILLCOM_API_KEY":"01NEMLVJVGPFVQMPK101","BILLCOM_API_ORG":"00801QDBBEGUTUJJYf4v","BILLCOM_API_EMAIL":"ctoxyz@gmail.com","BILLCOM_API_PWD":"CbIllszz!--+","FIREBASE_DB_ENDPOINT":"https://prodbillzeroapp.firebaseio.com","INVITATION_ENDPOINT":"https://billzero.app/store/","AFFILITE_REF_AMOUNT":"2","FINO_API_URL":"https://sandbox.finovera.com/cabinet/fps/v3","FINO_API_V4_URL":"https://sandbox.finovera.com/fps/v4/","FINO_CUSTOMER_CODE":"billzero","FINO_PASSWORD":"B1II0L59zOZ!","FINO_BILL_WEBHOOK_URL":"https://api.billzero.app/v1/bills/finobillwebhook","FINO_SQS_URL":"https://sqs.us-east-1.amazonaws.com/853862264986/prod-fino-sqs","BRANCH_BASE_URL":"https://api2.branch.io/v1/","BRANCH_API_KEY":"key_live_piT9H2dFIkvOy32aRyZR2ebnqCiYKIGm","BRANCH_API_SECRET":"secret_live_GXFqJ7WqmNTOtabjxGEfsWSqhSJRusgB"}},"Role":{"Fn::GetAtt":["IamRoleLambdaExecution","Arn"]}},"DependsOn":["AdminManageLogGroup"]},"UserManageLambdaFunction":{"Type":"AWS::Lambda::Function","Properties":{"Code":{"S3Bucket":{"Ref":"ServerlessDeploymentBucket"},"S3Key":"serverless/billzero/prod/1632336947312-2021-09-22T18:55:47.312Z/billzero.zip"},"Handler":"handler.UserManage","Runtime":"nodejs10.x","FunctionName":"billzero-prod-UserManage","MemorySize":1024,"Timeout":30,"Environment":{"Variables":{"NODE_ENV":"prod","MODE_DEBUG":"true","BZAPIENDPOINT":"https://api.billzero.app","BZ_S3_BACKET":"billzero-prod","DEFAULT_TIMEZONE":"America/Los_Angeles","BZADMINID":"b9b18413-1374-4748-a4c0-5842a520ef96","DEFAULTUSERID":"d37c5011-3895-4b86-8c9e-7745d1b62e0e","TESTUSERPAYEEID":"26f1c8d3-a6c5-4b59-9e24-98f63ee87c52","TESTUSERPAYERID":"26f1c8d3-a6c5-4b59-9e24-98f63ee87c52","SETTINGSTABLE":"billzero-prod-settings","ADMINTABLE":"billzero-prod-admin","USERTABLE":"billzero-prod-users","VENDORTABLE":"billzero-prod-vendors","SEARCHVENDORTABLE":"billzero-prod-searchvendor","BILLTABLE":"billzero-prod-bills","CHARGETABLE":"billzero-prod-charges","TRANSACTIONTABLE":"billzero-prod-transactions","SUBSCRIPTIONSTABLE":"billzero-prod-subscriptions","STATSTABLE":"billzero-prod-stats","SUPPORTTABLE":"billzero-prod-support","TASKSTABLE":"billzero-prod-tasks","PROMOCODETABLE":"billzero-prod-promocode","REPORTTABLE":"billzero-prod-report","AFFILIATETABLE":"billzero-prod-affiliate","INVITATIONTABLE":"billzero-prod-invitation","KARMATABLE":"billzero-prod-karma","UTOUTABLE":"billzero-prod-utou","SHELTERSTABLE":"billzero-prod-shelters","FINOHOOKTABLE":"billzero-prod-finohook","INGESTIONTABLE":"billzero-prod-ingest","PLAYTABLE":"billzero-prod-play","POOLTABLE":"billzero-prod-pool","UNIQUEVIEWTABLE":"billzero-prod-uniqueview","ENGAGEMENTTABLE":"billzero-prod-engagement","IMPETUSTABLE":"billzero-prod-impetus","JWTSECRET":"kKtaUnF7YEyK5IBWeeW9B8rsuSz0kmDu","JWTISS":"billzero","JWTHDRPARAM":"bz-api-token","ARCUS_API_KEY":"a39a5cce421b469a272c7053a567d59d","ARCUS_SECRET_KEY":"0PAlAj2jiIIZgcC64NKcG4gXxHizUYxyrMiHg2nsfc993EZgC0SkncWK0kqBe01zH8rQomL4sm7Hz85NEbJm7A==","ARCUS_API_URL":"https://apix.arcusapi.com","ARCUS_API_PROXY_HOST":"https://205pc3mk00vrn8:pgnpcxtknmx04qef2in1rlspw8xl@us-east-static-08.quotaguard.com:9293","ARCUS_SQS_URL":"https://sqs.us-east-1.amazonaws.com/853862264986/prodArcusSQS","STRIPE_API_KEY":"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","STRIPE_WEBHOOK_SIGNING_SECRET":"whsec_nRRNTsJhH2yMkHUYBnUEa2s1S6DDr5vi","TWILIOSID":"AC2b72a718fea932d9ae2a32c23747309d","TWILIOTOKEN":"8404d99219689f9aa720c0d8d00bbacf","TWILIOPHONE":"+14806306641","SENDGRID_API_KEY":"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","SENDGRID_FROM_NAME":"BillZero.app","SENDGRID_FROM_EMAIL":"support@billzero.app","BILLCOM_API_URL":"https://api.bill.com/api/v2/","BILLCOM_API_KEY":"01NEMLVJVGPFVQMPK101","BILLCOM_API_ORG":"00801QDBBEGUTUJJYf4v","BILLCOM_API_EMAIL":"ctoxyz@gmail.com","BILLCOM_API_PWD":"CbIllszz!--+","FIREBASE_DB_ENDPOINT":"https://prodbillzeroapp.firebaseio.com","INVITATION_ENDPOINT":"https://billzero.app/store/","AFFILITE_REF_AMOUNT":"2","FINO_API_URL":"https://sandbox.finovera.com/cabinet/fps/v3","FINO_API_V4_URL":"https://sandbox.finovera.com/fps/v4/","FINO_CUSTOMER_CODE":"billzero","FINO_PASSWORD":"B1II0L59zOZ!","FINO_BILL_WEBHOOK_URL":"https://api.billzero.app/v1/bills/finobillwebhook","FINO_SQS_URL":"https://sqs.us-east-1.amazonaws.com/853862264986/prod-fino-sqs","BRANCH_BASE_URL":"https://api2.branch.io/v1/","BRANCH_API_KEY":"key_live_piT9H2dFIkvOy32aRyZR2ebnqCiYKIGm","BRANCH_API_SECRET":"secret_live_GXFqJ7WqmNTOtabjxGEfsWSqhSJRusgB"}},"Role":{"Fn::GetAtt":["IamRoleLambdaExecution","Arn"]}},"DependsOn":["UserManageLogGroup"]},"BillManageLambdaFunction":{"Type":"AWS::Lambda::Function","Properties":{"Code":{"S3Bucket":{"Ref":"ServerlessDeploymentBucket"},"S3Key":"serverless/billzero/prod/1632336947312-2021-09-22T18:55:47.312Z/billzero.zip"},"Handler":"handler.BillManage","Runtime":"nodejs10.x","FunctionName":"billzero-prod-BillManage","MemorySize":1024,"Timeout":30,"Environment":{"Variables":{"NODE_ENV":"prod","MODE_DEBUG":"true","BZAPIENDPOINT":"https://api.billzero.app","BZ_S3_BACKET":"billzero-prod","DEFAULT_TIMEZONE":"America/Los_Angeles","BZADMINID":"b9b18413-1374-4748-a4c0-5842a520ef96","DEFAULTUSERID":"d37c5011-3895-4b86-8c9e-7745d1b62e0e","TESTUSERPAYEEID":"26f1c8d3-a6c5-4b59-9e24-98f63ee87c52","TESTUSERPAYERID":"26f1c8d3-a6c5-4b59-9e24-98f63ee87c52","SETTINGSTABLE":"billzero-prod-settings","ADMINTABLE":"billzero-prod-admin","USERTABLE":"billzero-prod-users","VENDORTABLE":"billzero-prod-vendors","SEARCHVENDORTABLE":"billzero-prod-searchvendor","BILLTABLE":"billzero-prod-bills","CHARGETABLE":"billzero-prod-charges","TRANSACTIONTABLE":"billzero-prod-transactions","SUBSCRIPTIONSTABLE":"billzero-prod-subscriptions","STATSTABLE":"billzero-prod-stats","SUPPORTTABLE":"billzero-prod-support","TASKSTABLE":"billzero-prod-tasks","PROMOCODETABLE":"billzero-prod-promocode","REPORTTABLE":"billzero-prod-report","AFFILIATETABLE":"billzero-prod-affiliate","INVITATIONTABLE":"billzero-prod-invitation","KARMATABLE":"billzero-prod-karma","UTOUTABLE":"billzero-prod-utou","SHELTERSTABLE":"billzero-prod-shelters","FINOHOOKTABLE":"billzero-prod-finohook","INGESTIONTABLE":"billzero-prod-ingest","PLAYTABLE":"billzero-prod-play","POOLTABLE":"billzero-prod-pool","UNIQUEVIEWTABLE":"billzero-prod-uniqueview","ENGAGEMENTTABLE":"billzero-prod-engagement","IMPETUSTABLE":"billzero-prod-impetus","JWTSECRET":"kKtaUnF7YEyK5IBWeeW9B8rsuSz0kmDu","JWTISS":"billzero","JWTHDRPARAM":"bz-api-token","ARCUS_API_KEY":"a39a5cce421b469a272c7053a567d59d","ARCUS_SECRET_KEY":"0PAlAj2jiIIZgcC64NKcG4gXxHizUYxyrMiHg2nsfc993EZgC0SkncWK0kqBe01zH8rQomL4sm7Hz85NEbJm7A==","ARCUS_API_URL":"https://apix.arcusapi.com","ARCUS_API_PROXY_HOST":"https://205pc3mk00vrn8:pgnpcxtknmx04qef2in1rlspw8xl@us-east-static-08.quotaguard.com:9293","ARCUS_SQS_URL":"https://sqs.us-east-1.amazonaws.com/853862264986/prodArcusSQS","STRIPE_API_KEY":"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","STRIPE_WEBHOOK_SIGNING_SECRET":"whsec_nRRNTsJhH2yMkHUYBnUEa2s1S6DDr5vi","TWILIOSID":"AC2b72a718fea932d9ae2a32c23747309d","TWILIOTOKEN":"8404d99219689f9aa720c0d8d00bbacf","TWILIOPHONE":"+14806306641","SENDGRID_API_KEY":"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","SENDGRID_FROM_NAME":"BillZero.app","SENDGRID_FROM_EMAIL":"support@billzero.app","BILLCOM_API_URL":"https://api.bill.com/api/v2/","BILLCOM_API_KEY":"01NEMLVJVGPFVQMPK101","BILLCOM_API_ORG":"00801QDBBEGUTUJJYf4v","BILLCOM_API_EMAIL":"ctoxyz@gmail.com","BILLCOM_API_PWD":"CbIllszz!--+","FIREBASE_DB_ENDPOINT":"https://prodbillzeroapp.firebaseio.com","INVITATION_ENDPOINT":"https://billzero.app/store/","AFFILITE_REF_AMOUNT":"2","FINO_API_URL":"https://sandbox.finovera.com/cabinet/fps/v3","FINO_API_V4_URL":"https://sandbox.finovera.com/fps/v4/","FINO_CUSTOMER_CODE":"billzero","FINO_PASSWORD":"B1II0L59zOZ!","FINO_BILL_WEBHOOK_URL":"https://api.billzero.app/v1/bills/finobillwebhook","FINO_SQS_URL":"https://sqs.us-east-1.amazonaws.com/853862264986/prod-fino-sqs","BRANCH_BASE_URL":"https://api2.branch.io/v1/","BRANCH_API_KEY":"key_live_piT9H2dFIkvOy32aRyZR2ebnqCiYKIGm","BRANCH_API_SECRET":"secret_live_GXFqJ7WqmNTOtabjxGEfsWSqhSJRusgB"}},"Role":{"Fn::GetAtt":["IamRoleLambdaExecution","Arn"]}},"DependsOn":["BillManageLogGroup"]},"TransactionManageLambdaFunction":{"Type":"AWS::Lambda::Function","Properties":{"Code":{"S3Bucket":{"Ref":"ServerlessDeploymentBucket"},"S3Key":"serverless/billzero/prod/1632336947312-2021-09-22T18:55:47.312Z/billzero.zip"},"Handler":"handler.TransactionManage","Runtime":"nodejs10.x","FunctionName":"billzero-prod-TransactionManage","MemorySize":1024,"Timeout":30,"Environment":{"Variables":{"NODE_ENV":"prod","MODE_DEBUG":"true","BZAPIENDPOINT":"https://api.billzero.app","BZ_S3_BACKET":"billzero-prod","DEFAULT_TIMEZONE":"America/Los_Angeles","BZADMINID":"b9b18413-1374-4748-a4c0-5842a520ef96","DEFAULTUSERID":"d37c5011-3895-4b86-8c9e-7745d1b62e0e","TESTUSERPAYEEID":"26f1c8d3-a6c5-4b59-9e24-98f63ee87c52","TESTUSERPAYERID":"26f1c8d3-a6c5-4b59-9e24-98f63ee87c52","SETTINGSTABLE":"billzero-prod-settings","ADMINTABLE":"billzero-prod-admin","USERTABLE":"billzero-prod-users","VENDORTABLE":"billzero-prod-vendors","SEARCHVENDORTABLE":"billzero-prod-searchvendor","BILLTABLE":"billzero-prod-bills","CHARGETABLE":"billzero-prod-charges","TRANSACTIONTABLE":"billzero-prod-transactions","SUBSCRIPTIONSTABLE":"billzero-prod-subscriptions","STATSTABLE":"billzero-prod-stats","SUPPORTTABLE":"billzero-prod-support","TASKSTABLE":"billzero-prod-tasks","PROMOCODETABLE":"billzero-prod-promocode","REPORTTABLE":"billzero-prod-report","AFFILIATETABLE":"billzero-prod-affiliate","INVITATIONTABLE":"billzero-prod-invitation","KARMATABLE":"billzero-prod-karma","UTOUTABLE":"billzero-prod-utou","SHELTERSTABLE":"billzero-prod-shelters","FINOHOOKTABLE":"billzero-prod-finohook","INGESTIONTABLE":"billzero-prod-ingest","PLAYTABLE":"billzero-prod-play","POOLTABLE":"billzero-prod-pool","UNIQUEVIEWTABLE":"billzero-prod-uniqueview","ENGAGEMENTTABLE":"billzero-prod-engagement","IMPETUSTABLE":"billzero-prod-impetus","JWTSECRET":"kKtaUnF7YEyK5IBWeeW9B8rsuSz0kmDu","JWTISS":"billzero","JWTHDRPARAM":"bz-api-token","ARCUS_API_KEY":"a39a5cce421b469a272c7053a567d59d","ARCUS_SECRET_KEY":"0PAlAj2jiIIZgcC64NKcG4gXxHizUYxyrMiHg2nsfc993EZgC0SkncWK0kqBe01zH8rQomL4sm7Hz85NEbJm7A==","ARCUS_API_URL":"https://apix.arcusapi.com","ARCUS_API_PROXY_HOST":"https://205pc3mk00vrn8:pgnpcxtknmx04qef2in1rlspw8xl@us-east-static-08.quotaguard.com:9293","ARCUS_SQS_URL":"https://sqs.us-east-1.amazonaws.com/853862264986/prodArcusSQS","STRIPE_API_KEY":"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","STRIPE_WEBHOOK_SIGNING_SECRET":"whsec_nRRNTsJhH2yMkHUYBnUEa2s1S6DDr5vi","TWILIOSID":"AC2b72a718fea932d9ae2a32c23747309d","TWILIOTOKEN":"8404d99219689f9aa720c0d8d00bbacf","TWILIOPHONE":"+14806306641","SENDGRID_API_KEY":"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","SENDGRID_FROM_NAME":"BillZero.app","SENDGRID_FROM_EMAIL":"support@billzero.app","BILLCOM_API_URL":"https://api.bill.com/api/v2/","BILLCOM_API_KEY":"01NEMLVJVGPFVQMPK101","BILLCOM_API_ORG":"00801QDBBEGUTUJJYf4v","BILLCOM_API_EMAIL":"ctoxyz@gmail.com","BILLCOM_API_PWD":"CbIllszz!--+","FIREBASE_DB_ENDPOINT":"https://prodbillzeroapp.firebaseio.com","INVITATION_ENDPOINT":"https://billzero.app/store/","AFFILITE_REF_AMOUNT":"2","FINO_API_URL":"https://sandbox.finovera.com/cabinet/fps/v3","FINO_API_V4_URL":"https://sandbox.finovera.com/fps/v4/","FINO_CUSTOMER_CODE":"billzero","FINO_PASSWORD":"B1II0L59zOZ!","FINO_BILL_WEBHOOK_URL":"https://api.billzero.app/v1/bills/finobillwebhook","FINO_SQS_URL":"https://sqs.us-east-1.amazonaws.com/853862264986/prod-fino-sqs","BRANCH_BASE_URL":"https://api2.branch.io/v1/","BRANCH_API_KEY":"key_live_piT9H2dFIkvOy32aRyZR2ebnqCiYKIGm","BRANCH_API_SECRET":"secret_live_GXFqJ7WqmNTOtabjxGEfsWSqhSJRusgB"}},"Role":{"Fn::GetAtt":["IamRoleLambdaExecution","Arn"]}},"DependsOn":["TransactionManageLogGroup"]},"VendorManageLambdaFunction":{"Type":"AWS::Lambda::Function","Properties":{"Code":{"S3Bucket":{"Ref":"ServerlessDeploymentBucket"},"S3Key":"serverless/billzero/prod/1632336947312-2021-09-22T18:55:47.312Z/billzero.zip"},"Handler":"handler.VendorManage","Runtime":"nodejs10.x","FunctionName":"billzero-prod-VendorManage","MemorySize":1024,"Timeout":30,"Environment":{"Variables":{"NODE_ENV":"prod","MODE_DEBUG":"true","BZAPIENDPOINT":"https://api.billzero.app","BZ_S3_BACKET":"billzero-prod","DEFAULT_TIMEZONE":"America/Los_Angeles","BZADMINID":"b9b18413-1374-4748-a4c0-5842a520ef96","DEFAULTUSERID":"d37c5011-3895-4b86-8c9e-7745d1b62e0e","TESTUSERPAYEEID":"26f1c8d3-a6c5-4b59-9e24-98f63ee87c52","TESTUSERPAYERID":"26f1c8d3-a6c5-4b59-9e24-98f63ee87c52","SETTINGSTABLE":"billzero-prod-settings","ADMINTABLE":"billzero-prod-admin","USERTABLE":"billzero-prod-users","VENDORTABLE":"billzero-prod-vendors","SEARCHVENDORTABLE":"billzero-prod-searchvendor","BILLTABLE":"billzero-prod-bills","CHARGETABLE":"billzero-prod-charges","TRANSACTIONTABLE":"billzero-prod-transactions","SUBSCRIPTIONSTABLE":"billzero-prod-subscriptions","STATSTABLE":"billzero-prod-stats","SUPPORTTABLE":"billzero-prod-support","TASKSTABLE":"billzero-prod-tasks","PROMOCODETABLE":"billzero-prod-promocode","REPORTTABLE":"billzero-prod-report","AFFILIATETABLE":"billzero-prod-affiliate","INVITATIONTABLE":"billzero-prod-invitation","KARMATABLE":"billzero-prod-karma","UTOUTABLE":"billzero-prod-utou","SHELTERSTABLE":"billzero-prod-shelters","FINOHOOKTABLE":"billzero-prod-finohook","INGESTIONTABLE":"billzero-prod-ingest","PLAYTABLE":"billzero-prod-play","POOLTABLE":"billzero-prod-pool","UNIQUEVIEWTABLE":"billzero-prod-uniqueview","ENGAGEMENTTABLE":"billzero-prod-engagement","IMPETUSTABLE":"billzero-prod-impetus","JWTSECRET":"kKtaUnF7YEyK5IBWeeW9B8rsuSz0kmDu","JWTISS":"billzero","JWTHDRPARAM":"bz-api-token","ARCUS_API_KEY":"a39a5cce421b469a272c7053a567d59d","ARCUS_SECRET_KEY":"0PAlAj2jiIIZgcC64NKcG4gXxHizUYxyrMiHg2nsfc993EZgC0SkncWK0kqBe01zH8rQomL4sm7Hz85NEbJm7A==","ARCUS_API_URL":"https://apix.arcusapi.com","ARCUS_API_PROXY_HOST":"https://205pc3mk00vrn8:pgnpcxtknmx04qef2in1rlspw8xl@us-east-static-08.quotaguard.com:9293","ARCUS_SQS_URL":"https://sqs.us-east-1.amazonaws.com/853862264986/prodArcusSQS","STRIPE_API_KEY":"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","STRIPE_WEBHOOK_SIGNING_SECRET":"whsec_nRRNTsJhH2yMkHUYBnUEa2s1S6DDr5vi","TWILIOSID":"AC2b72a718fea932d9ae2a32c23747309d","TWILIOTOKEN":"8404d99219689f9aa720c0d8d00bbacf","TWILIOPHONE":"+14806306641","SENDGRID_API_KEY":"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","SENDGRID_FROM_NAME":"BillZero.app","SENDGRID_FROM_EMAIL":"support@billzero.app","BILLCOM_API_URL":"https://api.bill.com/api/v2/","BILLCOM_API_KEY":"01NEMLVJVGPFVQMPK101","BILLCOM_API_ORG":"00801QDBBEGUTUJJYf4v","BILLCOM_API_EMAIL":"ctoxyz@gmail.com","BILLCOM_API_PWD":"CbIllszz!--+","FIREBASE_DB_ENDPOINT":"https://prodbillzeroapp.firebaseio.com","INVITATION_ENDPOINT":"https://billzero.app/store/","AFFILITE_REF_AMOUNT":"2","FINO_API_URL":"https://sandbox.finovera.com/cabinet/fps/v3","FINO_API_V4_URL":"https://sandbox.finovera.com/fps/v4/","FINO_CUSTOMER_CODE":"billzero","FINO_PASSWORD":"B1II0L59zOZ!","FINO_BILL_WEBHOOK_URL":"https://api.billzero.app/v1/bills/finobillwebhook","FINO_SQS_URL":"https://sqs.us-east-1.amazonaws.com/853862264986/prod-fino-sqs","BRANCH_BASE_URL":"https://api2.branch.io/v1/","BRANCH_API_KEY":"key_live_piT9H2dFIkvOy32aRyZR2ebnqCiYKIGm","BRANCH_API_SECRET":"secret_live_GXFqJ7WqmNTOtabjxGEfsWSqhSJRusgB"}},"Role":{"Fn::GetAtt":["IamRoleLambdaExecution","Arn"]}},"DependsOn":["VendorManageLogGroup"]},"IngestManageLambdaFunction":{"Type":"AWS::Lambda::Function","Properties":{"Code":{"S3Bucket":{"Ref":"ServerlessDeploymentBucket"},"S3Key":"serverless/billzero/prod/1632336947312-2021-09-22T18:55:47.312Z/billzero.zip"},"Handler":"handler.IngestManage","Runtime":"nodejs10.x","FunctionName":"billzero-prod-IngestManage","MemorySize":1024,"Timeout":500,"Environment":{"Variables":{"NODE_ENV":"prod","MODE_DEBUG":"true","BZAPIENDPOINT":"https://api.billzero.app","BZ_S3_BACKET":"billzero-prod","DEFAULT_TIMEZONE":"America/Los_Angeles","BZADMINID":"b9b18413-1374-4748-a4c0-5842a520ef96","DEFAULTUSERID":"d37c5011-3895-4b86-8c9e-7745d1b62e0e","TESTUSERPAYEEID":"26f1c8d3-a6c5-4b59-9e24-98f63ee87c52","TESTUSERPAYERID":"26f1c8d3-a6c5-4b59-9e24-98f63ee87c52","SETTINGSTABLE":"billzero-prod-settings","ADMINTABLE":"billzero-prod-admin","USERTABLE":"billzero-prod-users","VENDORTABLE":"billzero-prod-vendors","SEARCHVENDORTABLE":"billzero-prod-searchvendor","BILLTABLE":"billzero-prod-bills","CHARGETABLE":"billzero-prod-charges","TRANSACTIONTABLE":"billzero-prod-transactions","SUBSCRIPTIONSTABLE":"billzero-prod-subscriptions","STATSTABLE":"billzero-prod-stats","SUPPORTTABLE":"billzero-prod-support","TASKSTABLE":"billzero-prod-tasks","PROMOCODETABLE":"billzero-prod-promocode","REPORTTABLE":"billzero-prod-report","AFFILIATETABLE":"billzero-prod-affiliate","INVITATIONTABLE":"billzero-prod-invitation","KARMATABLE":"billzero-prod-karma","UTOUTABLE":"billzero-prod-utou","SHELTERSTABLE":"billzero-prod-shelters","FINOHOOKTABLE":"billzero-prod-finohook","INGESTIONTABLE":"billzero-prod-ingest","PLAYTABLE":"billzero-prod-play","POOLTABLE":"billzero-prod-pool","UNIQUEVIEWTABLE":"billzero-prod-uniqueview","ENGAGEMENTTABLE":"billzero-prod-engagement","IMPETUSTABLE":"billzero-prod-impetus","JWTSECRET":"kKtaUnF7YEyK5IBWeeW9B8rsuSz0kmDu","JWTISS":"billzero","JWTHDRPARAM":"bz-api-token","ARCUS_API_KEY":"a39a5cce421b469a272c7053a567d59d","ARCUS_SECRET_KEY":"0PAlAj2jiIIZgcC64NKcG4gXxHizUYxyrMiHg2nsfc993EZgC0SkncWK0kqBe01zH8rQomL4sm7Hz85NEbJm7A==","ARCUS_API_URL":"https://apix.arcusapi.com","ARCUS_API_PROXY_HOST":"https://205pc3mk00vrn8:pgnpcxtknmx04qef2in1rlspw8xl@us-east-static-08.quotaguard.com:9293","ARCUS_SQS_URL":"https://sqs.us-east-1.amazonaws.com/853862264986/prodArcusSQS","STRIPE_API_KEY":"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","STRIPE_WEBHOOK_SIGNING_SECRET":"whsec_nRRNTsJhH2yMkHUYBnUEa2s1S6DDr5vi","TWILIOSID":"AC2b72a718fea932d9ae2a32c23747309d","TWILIOTOKEN":"8404d99219689f9aa720c0d8d00bbacf","TWILIOPHONE":"+14806306641","SENDGRID_API_KEY":"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","SENDGRID_FROM_NAME":"BillZero.app","SENDGRID_FROM_EMAIL":"support@billzero.app","BILLCOM_API_URL":"https://api.bill.com/api/v2/","BILLCOM_API_KEY":"01NEMLVJVGPFVQMPK101","BILLCOM_API_ORG":"00801QDBBEGUTUJJYf4v","BILLCOM_API_EMAIL":"ctoxyz@gmail.com","BILLCOM_API_PWD":"CbIllszz!--+","FIREBASE_DB_ENDPOINT":"https://prodbillzeroapp.firebaseio.com","INVITATION_ENDPOINT":"https://billzero.app/store/","AFFILITE_REF_AMOUNT":"2","FINO_API_URL":"https://sandbox.finovera.com/cabinet/fps/v3","FINO_API_V4_URL":"https://sandbox.finovera.com/fps/v4/","FINO_CUSTOMER_CODE":"billzero","FINO_PASSWORD":"B1II0L59zOZ!","FINO_BILL_WEBHOOK_URL":"https://api.billzero.app/v1/bills/finobillwebhook","FINO_SQS_URL":"https://sqs.us-east-1.amazonaws.com/853862264986/prod-fino-sqs","BRANCH_BASE_URL":"https://api2.branch.io/v1/","BRANCH_API_KEY":"key_live_piT9H2dFIkvOy32aRyZR2ebnqCiYKIGm","BRANCH_API_SECRET":"secret_live_GXFqJ7WqmNTOtabjxGEfsWSqhSJRusgB"}},"Role":{"Fn::GetAtt":["IamRoleLambdaExecution","Arn"]}},"DependsOn":["IngestManageLogGroup"]},"ProcessTaskLambdaFunction":{"Type":"AWS::Lambda::Function","Properties":{"Code":{"S3Bucket":{"Ref":"ServerlessDeploymentBucket"},"S3Key":"serverless/billzero/prod/1632336947312-2021-09-22T18:55:47.312Z/billzero.zip"},"Handler":"handler.processTask","Runtime":"nodejs10.x","FunctionName":"billzero-prod-processTask","MemorySize":1024,"Timeout":30,"Environment":{"Variables":{"NODE_ENV":"prod","MODE_DEBUG":"true","BZAPIENDPOINT":"https://api.billzero.app","BZ_S3_BACKET":"billzero-prod","DEFAULT_TIMEZONE":"America/Los_Angeles","BZADMINID":"b9b18413-1374-4748-a4c0-5842a520ef96","DEFAULTUSERID":"d37c5011-3895-4b86-8c9e-7745d1b62e0e","TESTUSERPAYEEID":"26f1c8d3-a6c5-4b59-9e24-98f63ee87c52","TESTUSERPAYERID":"26f1c8d3-a6c5-4b59-9e24-98f63ee87c52","SETTINGSTABLE":"billzero-prod-settings","ADMINTABLE":"billzero-prod-admin","USERTABLE":"billzero-prod-users","VENDORTABLE":"billzero-prod-vendors","SEARCHVENDORTABLE":"billzero-prod-searchvendor","BILLTABLE":"billzero-prod-bills","CHARGETABLE":"billzero-prod-charges","TRANSACTIONTABLE":"billzero-prod-transactions","SUBSCRIPTIONSTABLE":"billzero-prod-subscriptions","STATSTABLE":"billzero-prod-stats","SUPPORTTABLE":"billzero-prod-support","TASKSTABLE":"billzero-prod-tasks","PROMOCODETABLE":"billzero-prod-promocode","REPORTTABLE":"billzero-prod-report","AFFILIATETABLE":"billzero-prod-affiliate","INVITATIONTABLE":"billzero-prod-invitation","KARMATABLE":"billzero-prod-karma","UTOUTABLE":"billzero-prod-utou","SHELTERSTABLE":"billzero-prod-shelters","FINOHOOKTABLE":"billzero-prod-finohook","INGESTIONTABLE":"billzero-prod-ingest","PLAYTABLE":"billzero-prod-play","POOLTABLE":"billzero-prod-pool","UNIQUEVIEWTABLE":"billzero-prod-uniqueview","ENGAGEMENTTABLE":"billzero-prod-engagement","IMPETUSTABLE":"billzero-prod-impetus","JWTSECRET":"kKtaUnF7YEyK5IBWeeW9B8rsuSz0kmDu","JWTISS":"billzero","JWTHDRPARAM":"bz-api-token","ARCUS_API_KEY":"a39a5cce421b469a272c7053a567d59d","ARCUS_SECRET_KEY":"0PAlAj2jiIIZgcC64NKcG4gXxHizUYxyrMiHg2nsfc993EZgC0SkncWK0kqBe01zH8rQomL4sm7Hz85NEbJm7A==","ARCUS_API_URL":"https://apix.arcusapi.com","ARCUS_API_PROXY_HOST":"https://205pc3mk00vrn8:pgnpcxtknmx04qef2in1rlspw8xl@us-east-static-08.quotaguard.com:9293","ARCUS_SQS_URL":"https://sqs.us-east-1.amazonaws.com/853862264986/prodArcusSQS","STRIPE_API_KEY":"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","STRIPE_WEBHOOK_SIGNING_SECRET":"whsec_nRRNTsJhH2yMkHUYBnUEa2s1S6DDr5vi","TWILIOSID":"AC2b72a718fea932d9ae2a32c23747309d","TWILIOTOKEN":"8404d99219689f9aa720c0d8d00bbacf","TWILIOPHONE":"+14806306641","SENDGRID_API_KEY":"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","SENDGRID_FROM_NAME":"BillZero.app","SENDGRID_FROM_EMAIL":"support@billzero.app","BILLCOM_API_URL":"https://api.bill.com/api/v2/","BILLCOM_API_KEY":"01NEMLVJVGPFVQMPK101","BILLCOM_API_ORG":"00801QDBBEGUTUJJYf4v","BILLCOM_API_EMAIL":"ctoxyz@gmail.com","BILLCOM_API_PWD":"CbIllszz!--+","FIREBASE_DB_ENDPOINT":"https://prodbillzeroapp.firebaseio.com","INVITATION_ENDPOINT":"https://billzero.app/store/","AFFILITE_REF_AMOUNT":"2","FINO_API_URL":"https://sandbox.finovera.com/cabinet/fps/v3","FINO_API_V4_URL":"https://sandbox.finovera.com/fps/v4/","FINO_CUSTOMER_CODE":"billzero","FINO_PASSWORD":"B1II0L59zOZ!","FINO_BILL_WEBHOOK_URL":"https://api.billzero.app/v1/bills/finobillwebhook","FINO_SQS_URL":"https://sqs.us-east-1.amazonaws.com/853862264986/prod-fino-sqs","BRANCH_BASE_URL":"https://api2.branch.io/v1/","BRANCH_API_KEY":"key_live_piT9H2dFIkvOy32aRyZR2ebnqCiYKIGm","BRANCH_API_SECRET":"secret_live_GXFqJ7WqmNTOtabjxGEfsWSqhSJRusgB"}},"Role":{"Fn::GetAtt":["IamRoleLambdaExecution","Arn"]}},"DependsOn":["ProcessTaskLogGroup"]},"ProcessNewPayCycleLambdaFunction":{"Type":"AWS::Lambda::Function","Properties":{"Code":{"S3Bucket":{"Ref":"ServerlessDeploymentBucket"},"S3Key":"serverless/billzero/prod/1632336947312-2021-09-22T18:55:47.312Z/billzero.zip"},"Handler":"handler.processNewPay","Runtime":"nodejs10.x","FunctionName":"billzero-prod-processNewPayCycle","MemorySize":1024,"Timeout":600,"Environment":{"Variables":{"NODE_ENV":"prod","MODE_DEBUG":"true","BZAPIENDPOINT":"https://api.billzero.app","BZ_S3_BACKET":"billzero-prod","DEFAULT_TIMEZONE":"America/Los_Angeles","BZADMINID":"b9b18413-1374-4748-a4c0-5842a520ef96","DEFAULTUSERID":"d37c5011-3895-4b86-8c9e-7745d1b62e0e","TESTUSERPAYEEID":"26f1c8d3-a6c5-4b59-9e24-98f63ee87c52","TESTUSERPAYERID":"26f1c8d3-a6c5-4b59-9e24-98f63ee87c52","SETTINGSTABLE":"billzero-prod-settings","ADMINTABLE":"billzero-prod-admin","USERTABLE":"billzero-prod-users","VENDORTABLE":"billzero-prod-vendors","SEARCHVENDORTABLE":"billzero-prod-searchvendor","BILLTABLE":"billzero-prod-bills","CHARGETABLE":"billzero-prod-charges","TRANSACTIONTABLE":"billzero-prod-transactions","SUBSCRIPTIONSTABLE":"billzero-prod-subscriptions","STATSTABLE":"billzero-prod-stats","SUPPORTTABLE":"billzero-prod-support","TASKSTABLE":"billzero-prod-tasks","PROMOCODETABLE":"billzero-prod-promocode","REPORTTABLE":"billzero-prod-report","AFFILIATETABLE":"billzero-prod-affiliate","INVITATIONTABLE":"billzero-prod-invitation","KARMATABLE":"billzero-prod-karma","UTOUTABLE":"billzero-prod-utou","SHELTERSTABLE":"billzero-prod-shelters","FINOHOOKTABLE":"billzero-prod-finohook","INGESTIONTABLE":"billzero-prod-ingest","PLAYTABLE":"billzero-prod-play","POOLTABLE":"billzero-prod-pool","UNIQUEVIEWTABLE":"billzero-prod-uniqueview","ENGAGEMENTTABLE":"billzero-prod-engagement","IMPETUSTABLE":"billzero-prod-impetus","JWTSECRET":"kKtaUnF7YEyK5IBWeeW9B8rsuSz0kmDu","JWTISS":"billzero","JWTHDRPARAM":"bz-api-token","ARCUS_API_KEY":"a39a5cce421b469a272c7053a567d59d","ARCUS_SECRET_KEY":"0PAlAj2jiIIZgcC64NKcG4gXxHizUYxyrMiHg2nsfc993EZgC0SkncWK0kqBe01zH8rQomL4sm7Hz85NEbJm7A==","ARCUS_API_URL":"https://apix.arcusapi.com","ARCUS_API_PROXY_HOST":"https://205pc3mk00vrn8:pgnpcxtknmx04qef2in1rlspw8xl@us-east-static-08.quotaguard.com:9293","ARCUS_SQS_URL":"https://sqs.us-east-1.amazonaws.com/853862264986/prodArcusSQS","STRIPE_API_KEY":"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","STRIPE_WEBHOOK_SIGNING_SECRET":"whsec_nRRNTsJhH2yMkHUYBnUEa2s1S6DDr5vi","TWILIOSID":"AC2b72a718fea932d9ae2a32c23747309d","TWILIOTOKEN":"8404d99219689f9aa720c0d8d00bbacf","TWILIOPHONE":"+14806306641","SENDGRID_API_KEY":"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","SENDGRID_FROM_NAME":"BillZero.app","SENDGRID_FROM_EMAIL":"support@billzero.app","BILLCOM_API_URL":"https://api.bill.com/api/v2/","BILLCOM_API_KEY":"01NEMLVJVGPFVQMPK101","BILLCOM_API_ORG":"00801QDBBEGUTUJJYf4v","BILLCOM_API_EMAIL":"ctoxyz@gmail.com","BILLCOM_API_PWD":"CbIllszz!--+","FIREBASE_DB_ENDPOINT":"https://prodbillzeroapp.firebaseio.com","INVITATION_ENDPOINT":"https://billzero.app/store/","AFFILITE_REF_AMOUNT":"2","FINO_API_URL":"https://sandbox.finovera.com/cabinet/fps/v3","FINO_API_V4_URL":"https://sandbox.finovera.com/fps/v4/","FINO_CUSTOMER_CODE":"billzero","FINO_PASSWORD":"B1II0L59zOZ!","FINO_BILL_WEBHOOK_URL":"https://api.billzero.app/v1/bills/finobillwebhook","FINO_SQS_URL":"https://sqs.us-east-1.amazonaws.com/853862264986/prod-fino-sqs","BRANCH_BASE_URL":"https://api2.branch.io/v1/","BRANCH_API_KEY":"key_live_piT9H2dFIkvOy32aRyZR2ebnqCiYKIGm","BRANCH_API_SECRET":"secret_live_GXFqJ7WqmNTOtabjxGEfsWSqhSJRusgB"}},"Role":{"Fn::GetAtt":["IamRoleLambdaExecution","Arn"]}},"DependsOn":["ProcessNewPayCycleLogGroup"]},"ProcessCycleLambdaFunction":{"Type":"AWS::Lambda::Function","Properties":{"Code":{"S3Bucket":{"Ref":"ServerlessDeploymentBucket"},"S3Key":"serverless/billzero/prod/1632336947312-2021-09-22T18:55:47.312Z/billzero.zip"},"Handler":"handler.processCycle","Runtime":"nodejs10.x","FunctionName":"billzero-prod-processCycle","MemorySize":1024,"Timeout":600,"Environment":{"Variables":{"NODE_ENV":"prod","MODE_DEBUG":"true","BZAPIENDPOINT":"https://api.billzero.app","BZ_S3_BACKET":"billzero-prod","DEFAULT_TIMEZONE":"America/Los_Angeles","BZADMINID":"b9b18413-1374-4748-a4c0-5842a520ef96","DEFAULTUSERID":"d37c5011-3895-4b86-8c9e-7745d1b62e0e","TESTUSERPAYEEID":"26f1c8d3-a6c5-4b59-9e24-98f63ee87c52","TESTUSERPAYERID":"26f1c8d3-a6c5-4b59-9e24-98f63ee87c52","SETTINGSTABLE":"billzero-prod-settings","ADMINTABLE":"billzero-prod-admin","USERTABLE":"billzero-prod-users","VENDORTABLE":"billzero-prod-vendors","SEARCHVENDORTABLE":"billzero-prod-searchvendor","BILLTABLE":"billzero-prod-bills","CHARGETABLE":"billzero-prod-charges","TRANSACTIONTABLE":"billzero-prod-transactions","SUBSCRIPTIONSTABLE":"billzero-prod-subscriptions","STATSTABLE":"billzero-prod-stats","SUPPORTTABLE":"billzero-prod-support","TASKSTABLE":"billzero-prod-tasks","PROMOCODETABLE":"billzero-prod-promocode","REPORTTABLE":"billzero-prod-report","AFFILIATETABLE":"billzero-prod-affiliate","INVITATIONTABLE":"billzero-prod-invitation","KARMATABLE":"billzero-prod-karma","UTOUTABLE":"billzero-prod-utou","SHELTERSTABLE":"billzero-prod-shelters","FINOHOOKTABLE":"billzero-prod-finohook","INGESTIONTABLE":"billzero-prod-ingest","PLAYTABLE":"billzero-prod-play","POOLTABLE":"billzero-prod-pool","UNIQUEVIEWTABLE":"billzero-prod-uniqueview","ENGAGEMENTTABLE":"billzero-prod-engagement","IMPETUSTABLE":"billzero-prod-impetus","JWTSECRET":"kKtaUnF7YEyK5IBWeeW9B8rsuSz0kmDu","JWTISS":"billzero","JWTHDRPARAM":"bz-api-token","ARCUS_API_KEY":"a39a5cce421b469a272c7053a567d59d","ARCUS_SECRET_KEY":"0PAlAj2jiIIZgcC64NKcG4gXxHizUYxyrMiHg2nsfc993EZgC0SkncWK0kqBe01zH8rQomL4sm7Hz85NEbJm7A==","ARCUS_API_URL":"https://apix.arcusapi.com","ARCUS_API_PROXY_HOST":"https://205pc3mk00vrn8:pgnpcxtknmx04qef2in1rlspw8xl@us-east-static-08.quotaguard.com:9293","ARCUS_SQS_URL":"https://sqs.us-east-1.amazonaws.com/853862264986/prodArcusSQS","STRIPE_API_KEY":"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","STRIPE_WEBHOOK_SIGNING_SECRET":"whsec_nRRNTsJhH2yMkHUYBnUEa2s1S6DDr5vi","TWILIOSID":"AC2b72a718fea932d9ae2a32c23747309d","TWILIOTOKEN":"8404d99219689f9aa720c0d8d00bbacf","TWILIOPHONE":"+14806306641","SENDGRID_API_KEY":"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","SENDGRID_FROM_NAME":"BillZero.app","SENDGRID_FROM_EMAIL":"support@billzero.app","BILLCOM_API_URL":"https://api.bill.com/api/v2/","BILLCOM_API_KEY":"01NEMLVJVGPFVQMPK101","BILLCOM_API_ORG":"00801QDBBEGUTUJJYf4v","BILLCOM_API_EMAIL":"ctoxyz@gmail.com","BILLCOM_API_PWD":"CbIllszz!--+","FIREBASE_DB_ENDPOINT":"https://prodbillzeroapp.firebaseio.com","INVITATION_ENDPOINT":"https://billzero.app/store/","AFFILITE_REF_AMOUNT":"2","FINO_API_URL":"https://sandbox.finovera.com/cabinet/fps/v3","FINO_API_V4_URL":"https://sandbox.finovera.com/fps/v4/","FINO_CUSTOMER_CODE":"billzero","FINO_PASSWORD":"B1II0L59zOZ!","FINO_BILL_WEBHOOK_URL":"https://api.billzero.app/v1/bills/finobillwebhook","FINO_SQS_URL":"https://sqs.us-east-1.amazonaws.com/853862264986/prod-fino-sqs","BRANCH_BASE_URL":"https://api2.branch.io/v1/","BRANCH_API_KEY":"key_live_piT9H2dFIkvOy32aRyZR2ebnqCiYKIGm","BRANCH_API_SECRET":"secret_live_GXFqJ7WqmNTOtabjxGEfsWSqhSJRusgB"}},"Role":{"Fn::GetAtt":["IamRoleLambdaExecution","Arn"]}},"DependsOn":["ProcessCycleLogGroup"]},"ApiGatewayRestApi":{"Type":"AWS::ApiGateway::RestApi","Properties":{"Name":"prod-billzero","EndpointConfiguration":{"Types":["EDGE"]},"Policy":""}},"ApiGatewayResourceV1":{"Type":"AWS::ApiGateway::Resource","Properties":{"ParentId":{"Fn::GetAtt":["ApiGatewayRestApi","RootResourceId"]},"PathPart":"v1","RestApiId":{"Ref":"ApiGatewayRestApi"}}},"ApiGatewayResourceV1Admin":{"Type":"AWS::ApiGateway::Resource","Properties":{"ParentId":{"Ref":"ApiGatewayResourceV1"},"PathPart":"admin","RestApiId":{"Ref":"ApiGatewayRestApi"}}},"ApiGatewayResourceV1AdminFnVar":{"Type":"AWS::ApiGateway::Resource","Properties":{"ParentId":{"Ref":"ApiGatewayResourceV1Admin"},"PathPart":"{fn}","RestApiId":{"Ref":"ApiGatewayRestApi"}}},"ApiGatewayResourceV1User":{"Type":"AWS::ApiGateway::Resource","Properties":{"ParentId":{"Ref":"ApiGatewayResourceV1"},"PathPart":"user","RestApiId":{"Ref":"ApiGatewayRestApi"}}},"ApiGatewayResourceV1UserFnVar":{"Type":"AWS::ApiGateway::Resource","Properties":{"ParentId":{"Ref":"ApiGatewayResourceV1User"},"PathPart":"{fn}","RestApiId":{"Ref":"ApiGatewayRestApi"}}},"ApiGatewayResourceV1Bills":{"Type":"AWS::ApiGateway::Resource","Properties":{"ParentId":{"Ref":"ApiGatewayResourceV1"},"PathPart":"bills","RestApiId":{"Ref":"ApiGatewayRestApi"}}},"ApiGatewayResourceV1BillsFnVar":{"Type":"AWS::ApiGateway::Resource","Properties":{"ParentId":{"Ref":"ApiGatewayResourceV1Bills"},"PathPart":"{fn}","RestApiId":{"Ref":"ApiGatewayRestApi"}}},"ApiGatewayResourceV1Transactions":{"Type":"AWS::ApiGateway::Resource","Properties":{"ParentId":{"Ref":"ApiGatewayResourceV1"},"PathPart":"transactions","RestApiId":{"Ref":"ApiGatewayRestApi"}}},"ApiGatewayResourceV1TransactionsFnVar":{"Type":"AWS::ApiGateway::Resource","Properties":{"ParentId":{"Ref":"ApiGatewayResourceV1Transactions"},"PathPart":"{fn}","RestApiId":{"Ref":"ApiGatewayRestApi"}}},"ApiGatewayResourceV1Vendors":{"Type":"AWS::ApiGateway::Resource","Properties":{"ParentId":{"Ref":"ApiGatewayResourceV1"},"PathPart":"vendors","RestApiId":{"Ref":"ApiGatewayRestApi"}}},"ApiGatewayResourceV1VendorsFnVar":{"Type":"AWS::ApiGateway::Resource","Properties":{"ParentId":{"Ref":"ApiGatewayResourceV1Vendors"},"PathPart":"{fn}","RestApiId":{"Ref":"ApiGatewayRestApi"}}},"ApiGatewayResourceV1Ingest":{"Type":"AWS::ApiGateway::Resource","Properties":{"ParentId":{"Ref":"ApiGatewayResourceV1"},"PathPart":"ingest","RestApiId":{"Ref":"ApiGatewayRestApi"}}},"ApiGatewayResourceV1IngestFnVar":{"Type":"AWS::ApiGateway::Resource","Properties":{"ParentId":{"Ref":"ApiGatewayResourceV1Ingest"},"PathPart":"{fn}","RestApiId":{"Ref":"ApiGatewayRestApi"}}},"ApiGatewayMethodV1AdminFnVarOptions":{"Type":"AWS::ApiGateway::Method","Properties":{"AuthorizationType":"NONE","HttpMethod":"OPTIONS","MethodResponses":[{"StatusCode":"200","ResponseParameters":{"method.response.header.Access-Control-Allow-Origin":true,"method.response.header.Access-Control-Allow-Headers":true,"method.response.header.Access-Control-Allow-Methods":true},"ResponseModels":{}}],"RequestParameters":{},"Integration":{"Type":"AWS_PROXY","RequestTemplates":{"application/json":"{statusCode:200}"},"ContentHandling":"CONVERT_TO_TEXT","IntegrationResponses":[{"StatusCode":"200","ResponseParameters":{"method.response.header.Access-Control-Allow-Origin":"'*'","method.response.header.Access-Control-Allow-Headers":"'Content-Type,X-Amz-Date,Authorization,X-Api-Key,X-Amz-Security-Token,X-Amz-User-Agent'","method.response.header.Access-Control-Allow-Methods":"'OPTIONS,POST'"},"ResponseTemplates":{"application/json":"#set($origin = $input.params(\"Origin\"))\n#if($origin == \"\") #set($origin = $input.params(\"origin\")) #end\n#if($origin.matches(\".+\")) #set($context.responseOverride.header.Access-Control-Allow-Origin = $origin) #end"}}],"IntegrationHttpMethod":"POST","Uri":{"Fn::Join":["",["arn:",{"Ref":"AWS::Partition"},":apigateway:",{"Ref":"AWS::Region"},":lambda:path/2015-03-31/functions/",{"Fn::GetAtt":["AdminManageLambdaFunction","Arn"]},"/invocations"]]}},"ResourceId":{"Ref":"ApiGatewayResourceV1AdminFnVar"},"RestApiId":{"Ref":"ApiGatewayRestApi"},"ApiKeyRequired":false},"DependsOn":["AdminManageLambdaPermissionApiGateway"]},"ApiGatewayMethodV1UserFnVarOptions":{"Type":"AWS::ApiGateway::Method","Properties":{"AuthorizationType":"NONE","HttpMethod":"OPTIONS","MethodResponses":[{"StatusCode":"200","ResponseParameters":{"method.response.header.Access-Control-Allow-Origin":true,"method.response.header.Access-Control-Allow-Headers":true,"method.response.header.Access-Control-Allow-Methods":true},"ResponseModels":{}}],"RequestParameters":{},"Integration":{"Type":"AWS_PROXY","RequestTemplates":{"application/json":"{statusCode:200}"},"ContentHandling":"CONVERT_TO_TEXT","IntegrationResponses":[{"StatusCode":"200","ResponseParameters":{"method.response.header.Access-Control-Allow-Origin":"'*'","method.response.header.Access-Control-Allow-Headers":"'Content-Type,X-Amz-Date,Authorization,X-Api-Key,X-Amz-Security-Token,X-Amz-User-Agent'","method.response.header.Access-Control-Allow-Methods":"'OPTIONS,POST'"},"ResponseTemplates":{"application/json":"#set($origin = $input.params(\"Origin\"))\n#if($origin == \"\") #set($origin = $input.params(\"origin\")) #end\n#if($origin.matches(\".+\")) #set($context.responseOverride.header.Access-Control-Allow-Origin = $origin) #end"}}],"IntegrationHttpMethod":"POST","Uri":{"Fn::Join":["",["arn:",{"Ref":"AWS::Partition"},":apigateway:",{"Ref":"AWS::Region"},":lambda:path/2015-03-31/functions/",{"Fn::GetAtt":["UserManageLambdaFunction","Arn"]},"/invocations"]]}},"ResourceId":{"Ref":"ApiGatewayResourceV1UserFnVar"},"RestApiId":{"Ref":"ApiGatewayRestApi"},"ApiKeyRequired":false},"DependsOn":["UserManageLambdaPermissionApiGateway"]},"ApiGatewayMethodV1BillsFnVarOptions":{"Type":"AWS::ApiGateway::Method","Properties":{"AuthorizationType":"NONE","HttpMethod":"OPTIONS","MethodResponses":[{"StatusCode":"200","ResponseParameters":{"method.response.header.Access-Control-Allow-Origin":true,"method.response.header.Access-Control-Allow-Headers":true,"method.response.header.Access-Control-Allow-Methods":true},"ResponseModels":{}}],"RequestParameters":{},"Integration":{"Type":"AWS_PROXY","RequestTemplates":{"application/json":"{statusCode:200}"},"ContentHandling":"CONVERT_TO_TEXT","IntegrationResponses":[{"StatusCode":"200","ResponseParameters":{"method.response.header.Access-Control-Allow-Origin":"'*'","method.response.header.Access-Control-Allow-Headers":"'Content-Type,X-Amz-Date,Authorization,X-Api-Key,X-Amz-Security-Token,X-Amz-User-Agent'","method.response.header.Access-Control-Allow-Methods":"'OPTIONS,POST'"},"ResponseTemplates":{"application/json":"#set($origin = $input.params(\"Origin\"))\n#if($origin == \"\") #set($origin = $input.params(\"origin\")) #end\n#if($origin.matches(\".+\")) #set($context.responseOverride.header.Access-Control-Allow-Origin = $origin) #end"}}],"IntegrationHttpMethod":"POST","Uri":{"Fn::Join":["",["arn:",{"Ref":"AWS::Partition"},":apigateway:",{"Ref":"AWS::Region"},":lambda:path/2015-03-31/functions/",{"Fn::GetAtt":["BillManageLambdaFunction","Arn"]},"/invocations"]]}},"ResourceId":{"Ref":"ApiGatewayResourceV1BillsFnVar"},"RestApiId":{"Ref":"ApiGatewayRestApi"},"ApiKeyRequired":false},"DependsOn":["BillManageLambdaPermissionApiGateway"]},"ApiGatewayMethodV1TransactionsFnVarOptions":{"Type":"AWS::ApiGateway::Method","Properties":{"AuthorizationType":"NONE","HttpMethod":"OPTIONS","MethodResponses":[{"StatusCode":"200","ResponseParameters":{"method.response.header.Access-Control-Allow-Origin":true,"method.response.header.Access-Control-Allow-Headers":true,"method.response.header.Access-Control-Allow-Methods":true},"ResponseModels":{}}],"RequestParameters":{},"Integration":{"Type":"AWS_PROXY","RequestTemplates":{"application/json":"{statusCode:200}"},"ContentHandling":"CONVERT_TO_TEXT","IntegrationResponses":[{"StatusCode":"200","ResponseParameters":{"method.response.header.Access-Control-Allow-Origin":"'*'","method.response.header.Access-Control-Allow-Headers":"'Content-Type,X-Amz-Date,Authorization,X-Api-Key,X-Amz-Security-Token,X-Amz-User-Agent'","method.response.header.Access-Control-Allow-Methods":"'OPTIONS,POST'"},"ResponseTemplates":{"application/json":"#set($origin = $input.params(\"Origin\"))\n#if($origin == \"\") #set($origin = $input.params(\"origin\")) #end\n#if($origin.matches(\".+\")) #set($context.responseOverride.header.Access-Control-Allow-Origin = $origin) #end"}}],"IntegrationHttpMethod":"POST","Uri":{"Fn::Join":["",["arn:",{"Ref":"AWS::Partition"},":apigateway:",{"Ref":"AWS::Region"},":lambda:path/2015-03-31/functions/",{"Fn::GetAtt":["TransactionManageLambdaFunction","Arn"]},"/invocations"]]}},"ResourceId":{"Ref":"ApiGatewayResourceV1TransactionsFnVar"},"RestApiId":{"Ref":"ApiGatewayRestApi"},"ApiKeyRequired":false},"DependsOn":["TransactionManageLambdaPermissionApiGateway"]},"ApiGatewayMethodV1VendorsFnVarOptions":{"Type":"AWS::ApiGateway::Method","Properties":{"AuthorizationType":"NONE","HttpMethod":"OPTIONS","MethodResponses":[{"StatusCode":"200","ResponseParameters":{"method.response.header.Access-Control-Allow-Origin":true,"method.response.header.Access-Control-Allow-Headers":true,"method.response.header.Access-Control-Allow-Methods":true},"ResponseModels":{}}],"RequestParameters":{},"Integration":{"Type":"AWS_PROXY","RequestTemplates":{"application/json":"{statusCode:200}"},"ContentHandling":"CONVERT_TO_TEXT","IntegrationResponses":[{"StatusCode":"200","ResponseParameters":{"method.response.header.Access-Control-Allow-Origin":"'*'","method.response.header.Access-Control-Allow-Headers":"'Content-Type,X-Amz-Date,Authorization,X-Api-Key,X-Amz-Security-Token,X-Amz-User-Agent'","method.response.header.Access-Control-Allow-Methods":"'OPTIONS,POST'"},"ResponseTemplates":{"application/json":"#set($origin = $input.params(\"Origin\"))\n#if($origin == \"\") #set($origin = $input.params(\"origin\")) #end\n#if($origin.matches(\".+\")) #set($context.responseOverride.header.Access-Control-Allow-Origin = $origin) #end"}}],"IntegrationHttpMethod":"POST","Uri":{"Fn::Join":["",["arn:",{"Ref":"AWS::Partition"},":apigateway:",{"Ref":"AWS::Region"},":lambda:path/2015-03-31/functions/",{"Fn::GetAtt":["VendorManageLambdaFunction","Arn"]},"/invocations"]]}},"ResourceId":{"Ref":"ApiGatewayResourceV1VendorsFnVar"},"RestApiId":{"Ref":"ApiGatewayRestApi"},"ApiKeyRequired":false},"DependsOn":["VendorManageLambdaPermissionApiGateway"]},"ApiGatewayMethodV1IngestFnVarOptions":{"Type":"AWS::ApiGateway::Method","Properties":{"AuthorizationType":"NONE","HttpMethod":"OPTIONS","MethodResponses":[{"StatusCode":"200","ResponseParameters":{"method.response.header.Access-Control-Allow-Origin":true,"method.response.header.Access-Control-Allow-Headers":true,"method.response.header.Access-Control-Allow-Methods":true},"ResponseModels":{}}],"RequestParameters":{},"Integration":{"Type":"AWS_PROXY","RequestTemplates":{"application/json":"{statusCode:200}"},"ContentHandling":"CONVERT_TO_TEXT","IntegrationResponses":[{"StatusCode":"200","ResponseParameters":{"method.response.header.Access-Control-Allow-Origin":"'*'","method.response.header.Access-Control-Allow-Headers":"'Content-Type,X-Amz-Date,Authorization,X-Api-Key,X-Amz-Security-Token,X-Amz-User-Agent'","method.response.header.Access-Control-Allow-Methods":"'OPTIONS,POST'"},"ResponseTemplates":{"application/json":"#set($origin = $input.params(\"Origin\"))\n#if($origin == \"\") #set($origin = $input.params(\"origin\")) #end\n#if($origin.matches(\".+\")) #set($context.responseOverride.header.Access-Control-Allow-Origin = $origin) #end"}}],"IntegrationHttpMethod":"POST","Uri":{"Fn::Join":["",["arn:",{"Ref":"AWS::Partition"},":apigateway:",{"Ref":"AWS::Region"},":lambda:path/2015-03-31/functions/",{"Fn::GetAtt":["IngestManageLambdaFunction","Arn"]},"/invocations"]]}},"ResourceId":{"Ref":"ApiGatewayResourceV1IngestFnVar"},"RestApiId":{"Ref":"ApiGatewayRestApi"},"ApiKeyRequired":false},"DependsOn":["IngestManageLambdaPermissionApiGateway"]},"ApiGatewayMethodV1AdminFnVarPost":{"Type":"AWS::ApiGateway::Method","Properties":{"HttpMethod":"POST","RequestParameters":{},"ResourceId":{"Ref":"ApiGatewayResourceV1AdminFnVar"},"RestApiId":{"Ref":"ApiGatewayRestApi"},"ApiKeyRequired":false,"AuthorizationType":"NONE","Integration":{"IntegrationHttpMethod":"POST","Type":"AWS_PROXY","Uri":{"Fn::Join":["",["arn:",{"Ref":"AWS::Partition"},":apigateway:",{"Ref":"AWS::Region"},":lambda:path/2015-03-31/functions/",{"Fn::GetAtt":["AdminManageLambdaFunction","Arn"]},"/invocations"]]}},"MethodResponses":[]},"DependsOn":["AdminManageLambdaPermissionApiGateway"]},"ApiGatewayMethodV1UserFnVarPost":{"Type":"AWS::ApiGateway::Method","Properties":{"HttpMethod":"POST","RequestParameters":{},"ResourceId":{"Ref":"ApiGatewayResourceV1UserFnVar"},"RestApiId":{"Ref":"ApiGatewayRestApi"},"ApiKeyRequired":false,"AuthorizationType":"NONE","Integration":{"IntegrationHttpMethod":"POST","Type":"AWS_PROXY","Uri":{"Fn::Join":["",["arn:",{"Ref":"AWS::Partition"},":apigateway:",{"Ref":"AWS::Region"},":lambda:path/2015-03-31/functions/",{"Fn::GetAtt":["UserManageLambdaFunction","Arn"]},"/invocations"]]}},"MethodResponses":[]},"DependsOn":["UserManageLambdaPermissionApiGateway"]},"ApiGatewayMethodV1BillsFnVarPost":{"Type":"AWS::ApiGateway::Method","Properties":{"HttpMethod":"POST","RequestParameters":{},"ResourceId":{"Ref":"ApiGatewayResourceV1BillsFnVar"},"RestApiId":{"Ref":"ApiGatewayRestApi"},"ApiKeyRequired":false,"AuthorizationType":"NONE","Integration":{"IntegrationHttpMethod":"POST","Type":"AWS_PROXY","Uri":{"Fn::Join":["",["arn:",{"Ref":"AWS::Partition"},":apigateway:",{"Ref":"AWS::Region"},":lambda:path/2015-03-31/functions/",{"Fn::GetAtt":["BillManageLambdaFunction","Arn"]},"/invocations"]]}},"MethodResponses":[]},"DependsOn":["BillManageLambdaPermissionApiGateway"]},"ApiGatewayMethodV1TransactionsFnVarPost":{"Type":"AWS::ApiGateway::Method","Properties":{"HttpMethod":"POST","RequestParameters":{},"ResourceId":{"Ref":"ApiGatewayResourceV1TransactionsFnVar"},"RestApiId":{"Ref":"ApiGatewayRestApi"},"ApiKeyRequired":false,"AuthorizationType":"NONE","Integration":{"IntegrationHttpMethod":"POST","Type":"AWS_PROXY","Uri":{"Fn::Join":["",["arn:",{"Ref":"AWS::Partition"},":apigateway:",{"Ref":"AWS::Region"},":lambda:path/2015-03-31/functions/",{"Fn::GetAtt":["TransactionManageLambdaFunction","Arn"]},"/invocations"]]}},"MethodResponses":[]},"DependsOn":["TransactionManageLambdaPermissionApiGateway"]},"ApiGatewayMethodV1VendorsFnVarPost":{"Type":"AWS::ApiGateway::Method","Properties":{"HttpMethod":"POST","RequestParameters":{},"ResourceId":{"Ref":"ApiGatewayResourceV1VendorsFnVar"},"RestApiId":{"Ref":"ApiGatewayRestApi"},"ApiKeyRequired":false,"AuthorizationType":"NONE","Integration":{"IntegrationHttpMethod":"POST","Type":"AWS_PROXY","Uri":{"Fn::Join":["",["arn:",{"Ref":"AWS::Partition"},":apigateway:",{"Ref":"AWS::Region"},":lambda:path/2015-03-31/functions/",{"Fn::GetAtt":["VendorManageLambdaFunction","Arn"]},"/invocations"]]}},"MethodResponses":[]},"DependsOn":["VendorManageLambdaPermissionApiGateway"]},"ApiGatewayMethodV1IngestFnVarPost":{"Type":"AWS::ApiGateway::Method","Properties":{"HttpMethod":"POST","RequestParameters":{},"ResourceId":{"Ref":"ApiGatewayResourceV1IngestFnVar"},"RestApiId":{"Ref":"ApiGatewayRestApi"},"ApiKeyRequired":false,"AuthorizationType":"NONE","Integration":{"IntegrationHttpMethod":"POST","Type":"AWS_PROXY","Uri":{"Fn::Join":["",["arn:",{"Ref":"AWS::Partition"},":apigateway:",{"Ref":"AWS::Region"},":lambda:path/2015-03-31/functions/",{"Fn::GetAtt":["IngestManageLambdaFunction","Arn"]},"/invocations"]]}},"MethodResponses":[]},"DependsOn":["IngestManageLambdaPermissionApiGateway"]},"ApiGatewayDeployment1632336932372":{"Type":"AWS::ApiGateway::Deployment","Properties":{"RestApiId":{"Ref":"ApiGatewayRestApi"},"StageName":"prod"},"DependsOn":["ApiGatewayMethodV1AdminFnVarOptions","ApiGatewayMethodV1UserFnVarOptions","ApiGatewayMethodV1BillsFnVarOptions","ApiGatewayMethodV1TransactionsFnVarOptions","ApiGatewayMethodV1VendorsFnVarOptions","ApiGatewayMethodV1IngestFnVarOptions","ApiGatewayMethodV1AdminFnVarPost","ApiGatewayMethodV1AdminFnVarOptions","ApiGatewayMethodV1UserFnVarPost","ApiGatewayMethodV1UserFnVarOptions","ApiGatewayMethodV1BillsFnVarPost","ApiGatewayMethodV1BillsFnVarOptions","ApiGatewayMethodV1TransactionsFnVarPost","ApiGatewayMethodV1TransactionsFnVarOptions","ApiGatewayMethodV1VendorsFnVarPost","ApiGatewayMethodV1VendorsFnVarOptions","ApiGatewayMethodV1IngestFnVarPost","ApiGatewayMethodV1IngestFnVarOptions"]},"AdminManageLambdaPermissionApiGateway":{"Type":"AWS::Lambda::Permission","Properties":{"FunctionName":{"Fn::GetAtt":["AdminManageLambdaFunction","Arn"]},"Action":"lambda:InvokeFunction","Principal":"apigateway.amazonaws.com","SourceArn":{"Fn::Join":["",["arn:",{"Ref":"AWS::Partition"},":execute-api:",{"Ref":"AWS::Region"},":",{"Ref":"AWS::AccountId"},":",{"Ref":"ApiGatewayRestApi"},"/*/*"]]}}},"UserManageLambdaPermissionApiGateway":{"Type":"AWS::Lambda::Permission","Properties":{"FunctionName":{"Fn::GetAtt":["UserManageLambdaFunction","Arn"]},"Action":"lambda:InvokeFunction","Principal":"apigateway.amazonaws.com","SourceArn":{"Fn::Join":["",["arn:",{"Ref":"AWS::Partition"},":execute-api:",{"Ref":"AWS::Region"},":",{"Ref":"AWS::AccountId"},":",{"Ref":"ApiGatewayRestApi"},"/*/*"]]}}},"BillManageLambdaPermissionApiGateway":{"Type":"AWS::Lambda::Permission","Properties":{"FunctionName":{"Fn::GetAtt":["BillManageLambdaFunction","Arn"]},"Action":"lambda:InvokeFunction","Principal":"apigateway.amazonaws.com","SourceArn":{"Fn::Join":["",["arn:",{"Ref":"AWS::Partition"},":execute-api:",{"Ref":"AWS::Region"},":",{"Ref":"AWS::AccountId"},":",{"Ref":"ApiGatewayRestApi"},"/*/*"]]}}},"TransactionManageLambdaPermissionApiGateway":{"Type":"AWS::Lambda::Permission","Properties":{"FunctionName":{"Fn::GetAtt":["TransactionManageLambdaFunction","Arn"]},"Action":"lambda:InvokeFunction","Principal":"apigateway.amazonaws.com","SourceArn":{"Fn::Join":["",["arn:",{"Ref":"AWS::Partition"},":execute-api:",{"Ref":"AWS::Region"},":",{"Ref":"AWS::AccountId"},":",{"Ref":"ApiGatewayRestApi"},"/*/*"]]}}},"VendorManageLambdaPermissionApiGateway":{"Type":"AWS::Lambda::Permission","Properties":{"FunctionName":{"Fn::GetAtt":["VendorManageLambdaFunction","Arn"]},"Action":"lambda:InvokeFunction","Principal":"apigateway.amazonaws.com","SourceArn":{"Fn::Join":["",["arn:",{"Ref":"AWS::Partition"},":execute-api:",{"Ref":"AWS::Region"},":",{"Ref":"AWS::AccountId"},":",{"Ref":"ApiGatewayRestApi"},"/*/*"]]}}},"IngestManageLambdaPermissionApiGateway":{"Type":"AWS::Lambda::Permission","Properties":{"FunctionName":{"Fn::GetAtt":["IngestManageLambdaFunction","Arn"]},"Action":"lambda:InvokeFunction","Principal":"apigateway.amazonaws.com","SourceArn":{"Fn::Join":["",["arn:",{"Ref":"AWS::Partition"},":execute-api:",{"Ref":"AWS::Region"},":",{"Ref":"AWS::AccountId"},":",{"Ref":"ApiGatewayRestApi"},"/*/*"]]}}},"ProcessTaskEventSourceMappingDynamodbBillzeroprodtasks":{"Type":"AWS::Lambda::EventSourceMapping","DependsOn":["IamRoleLambdaExecution"],"Properties":{"BatchSize":10,"EventSourceArn":"arn:aws:dynamodb:us-east-1:853862264986:table/billzero-prod-tasks/stream/2019-07-16T17:02:01.080","FunctionName":{"Fn::GetAtt":["ProcessTaskLambdaFunction","Arn"]},"StartingPosition":"TRIM_HORIZON","Enabled":true}}},"Outputs":{"ServerlessDeploymentBucketName":{"Value":{"Ref":"ServerlessDeploymentBucket"},"Export":{"Name":"sls-billzero-prod-ServerlessDeploymentBucketName"}},"ServiceEndpoint":{"Description":"URL of the service endpoint","Value":{"Fn::Join":["",["https://",{"Ref":"ApiGatewayRestApi"},".execute-api.",{"Ref":"AWS::Region"},".",{"Ref":"AWS::URLSuffix"},"/prod"]]},"Export":{"Name":"sls-billzero-prod-ServiceEndpoint"}}}}